id,name,sex,birthday,phone,email
164,김수민,남,1953-11-23,01086812792,eunjeong39@example.org
870,김영호,남,1945-06-17,01040354672,seonghun98@example.com
365,이숙자,여,1934-11-08,01055245510,xi@example.org
724,이은서,여,1942-04-05,01081337969,ujini@example.org
426,김시우,여,1949-09-02,01069448289,gimmisug@example.com
178,차현숙,남,1935-08-03,01096347580,yeongsugi@example.org
687,차현숙,여,1998-06-07,01077098515,jangjeonghyi@example.org
465,이예지,여,1956-07-31,01084837820,wi@example.net
517,홍종수,여,1981-02-24,01086701398,abae@example.org
2,안진우,여,1953-10-08,01026815003,igim@example.org
634,한미경,여,1971-08-06,01078667310,hryu@example.org
438,김예은,여,1978-07-21,01021361358,jbag@example.net
189,김은지,여,1943-05-25,01040482797,jihuni@example.net
243,윤지은,여,1957-07-17,01055144073,jinhogim@example.org
369,김민서,여,1995-05-20,01031927361,ogja39@example.net
962,최진호,여,1938-12-16,01092973925,iyun@example.com
593,곽채원,여,1945-11-28,01022737465,cayeweon@example.com
362,권하윤,여,1963-08-28,01033360824,seonghocoe@example.org
690,최지민,남,1960-05-10,01045026784,jryu@example.org
120,권민준,여,1992-07-17,01073467655,wson@example.com
769,김중수,남,1982-03-13,0104588438,yeongsu65@example.org
506,윤서현,여,1956-09-28,01038789513,jeongsug31@example.org
392,최경수,여,1970-11-01,01076872695,yeongsug15@example.net
319,김정훈,남,1975-08-16,01043994880,ryuyejun@example.org
451,장지훈,남,1993-09-23,01086264115,go@example.com
890,이현숙,여,1935-08-06,01029548177,jgim@example.org
959,최서현,남,1939-11-08,01066961873,sujin42@example.net
323,한명숙,남,2002-09-22,01014031680,fsin@example.net
243,최옥자,여,1942-07-19,01085677448,ujini@example.com
129,최영숙,남,1963-02-26,01083912138,yunjiyeong@example.com
179,박민준,여,1971-06-28,01098195694,haeun31@example.org
538,이현정,여,1959-12-24,01078213931,siui@example.net
339,윤지연,남,1980-01-10,01049214262,seojungim@example.com
294,허지영,남,1953-07-09,01021364716,iseonghyeon@example.org
665,구성호,여,1975-01-02,0106180497,zyun@example.net
232,김은주,여,1963-11-01,01035694783,iyeonghyi@example.com
91,류유진,여,1969-08-22,01079719200,jiyeong69@example.com
648,이영희,남,1986-10-20,01094758615,tsim@example.com
197,박현주,남,1957-06-30,01094700266,nyun@example.com
761,김주원,여,2000-08-21,01057022227,gweoneunjeong@example.org
321,최정자,여,1965-05-09,01096890199,jungsu82@example.net
782,김춘자,남,1959-09-06,01042060201,jeongsun00@example.com
662,이순옥,남,1976-01-04,01019031621,doyunmun@example.net
295,장은영,여,1989-08-05,01040004730,gimjuweon@example.org
302,정상훈,남,1982-12-30,01056656795,kca@example.org
141,유준호,여,1948-03-28,01058449355,gyeongsucoe@example.net
783,김민지,남,1934-05-06,01085978501,sunog43@example.org
319,박정숙,여,1983-10-05,01079556379,gimjeongja@example.com
700,한성훈,여,1934-05-20,01091595068,jongsu78@example.net
117,최성훈,남,1950-05-11,01074627984,byeongceolsin@example.org
744,김성훈,여,1967-07-26,01072993143,areum54@example.org
5,이진호,남,1935-04-03,0101364734,ihan@example.com
719,한현지,남,1967-04-05,01081651947,jangboram@example.com
946,김성진,남,1938-05-17,01078945494,jieungim@example.com
352,최상훈,여,1967-02-27,01093520505,geonu26@example.com
66,황영순,여,1989-02-01,01073141698,ui@example.net
365,이준혁,남,1980-02-10,01088998260,sanghyeon91@example.com
310,이정식,남,1952-01-25,01024475506,jiyeonryu@example.net
418,김정식,남,2003-10-27,01058472016,jeongsu03@example.com
129,김정순,남,1946-05-25,01033949027,yunseo97@example.net
232,지동현,남,1972-08-23,01069815544,migyeong84@example.com
911,유지혜,여,1969-03-06,01087762330,gimjeongsug@example.org
827,최예은,여,1976-05-07,01027752929,ai@example.net
619,문현숙,여,1955-11-15,01041056564,gyeongjagim@example.net
539,김민서,남,1986-03-15,01094603320,gimyeongsu@example.org
560,이아름,남,1976-12-30,01067981433,baegjiyeong@example.net
300,황민지,남,1987-12-19,01053923046,yuyeongja@example.com
730,정우진,여,1963-07-22,01049873489,iminji@example.com
904,황은영,여,1949-09-12,01046367811,areumsong@example.org
403,김준호,여,2003-11-06,01082502072,seominseog@example.org
808,윤영희,남,1946-07-05,01087151979,jinu26@example.com
222,우채원,남,1957-11-20,01011181014,yeongceoli@example.net
876,최정자,여,1934-02-27,01071684410,ogim@example.net
436,박아름,여,1957-05-24,01023049148,gimjeongnam@example.org
259,송미정,남,1965-06-04,01058261690,ti@example.org
115,하도윤,남,1996-06-21,01025705643,jaehyeonju@example.net
502,박지은,남,1957-11-27,01045201549,seohyeon88@example.com
747,이예은,여,1975-07-07,01081354054,bagjimin@example.net
597,양정희,남,1938-09-13,01037165904,jihunmun@example.net
366,이수진,여,1996-11-17,01046287555,eunyeong58@example.org
942,류보람,남,1988-02-17,01099525147,dohyeon22@example.org
468,서영철,여,2004-08-27,01053136024,bgim@example.org
225,나영호,남,1933-11-16,01072799425,cgim@example.net
485,안도현,여,2002-06-27,01073053073,gimmyeongsug@example.net
660,백현정,남,1946-04-12,01072994202,vgim@example.org
724,한정식,남,1940-11-08,01067080228,vseo@example.com
977,한민석,여,1948-04-25,01068898217,hyeonjigim@example.net
26,오수빈,여,1973-09-04,01062950959,jieuni@example.org
668,김지현,여,1993-11-17,01090604307,minsu73@example.org
243,남지은,여,1957-08-08,01046764574,seonghyeon15@example.org
229,황성수,남,1933-04-10,01080696562,yujin29@example.org
191,이정숙,여,1983-08-03,01060726780,gojeongnam@example.org
222,이서연,남,1971-01-07,01090266607,junhyeog12@example.net
748,양상철,여,1995-03-28,01087122010,agim@example.com
371,이영미,여,1972-12-20,01015042210,jieunmun@example.org
159,박현주,여,1969-05-27,0107007000,ogsun80@example.net
452,박영수,여,1950-04-14,01088213111,yeongmisong@example.com
810,권승민,남,1939-03-02,01024048682,ogja47@example.net
116,김상호,남,1944-07-06,01032684474,naseongmin@example.com
281,장서연,여,1980-07-16,01042852271,boramson@example.com
